"Date","Price","Open","High","Low","Change %"
"Dec 14, 2018","1,238.48","1,242.53","1,243.12","1,233.00","-0.32%"
"Dec 13, 2018","1,242.46","1,246.02","1,247.13","1,240.23","-0.27%"
"Dec 12, 2018","1,245.80","1,243.25","1,247.56","1,241.95","0.23%"
"Dec 11, 2018","1,242.94","1,244.53","1,249.62","1,240.55","-0.13%"
"Dec 10, 2018","1,244.59","1,250.43","1,250.62","1,241.20","-0.36%"
"Dec 09, 2018","1,249.11","1,249.88","1,250.92","1,248.94","0.08%"
"Dec 07, 2018","1,248.10","1,238.32","1,250.42","1,237.49","0.82%"
"Dec 06, 2018","1,237.99","1,237.87","1,244.70","1,234.63","0.03%"
"Dec 05, 2018","1,237.56","1,238.54","1,239.35","1,232.96","-0.08%"
"Dec 04, 2018","1,238.55","1,231.35","1,242.24","1,230.41","0.61%"
"Dec 03, 2018","1,231.08","1,223.12","1,234.94","1,221.09","0.73%"
"Dec 02, 2018","1,222.14","1,221.78","1,223.62","1,221.78","0.01%"
"Nov 30, 2018","1,221.96","1,223.96","1,225.65","1,216.23","-0.17%"
"Nov 29, 2018","1,223.99","1,221.42","1,229.35","1,220.49","0.24%"
"Nov 28, 2018","1,221.11","1,214.64","1,226.32","1,210.73","0.53%"
"Nov 27, 2018","1,214.69","1,222.65","1,225.60","1,211.74","-0.63%"
"Nov 26, 2018","1,222.37","1,224.00","1,228.13","1,221.14","-0.17%"
"Nov 25, 2018","1,224.42","1,223.49","1,224.46","1,223.41","0.10%"
"Nov 23, 2018","1,223.19","1,227.33","1,229.27","1,220.53","-0.35%"
"Nov 22, 2018","1,227.45","1,226.69","1,229.80","1,225.30","0.12%"
"Nov 21, 2018","1,226.02","1,221.55","1,230.15","1,219.23","0.37%"
"Nov 20, 2018","1,221.55","1,224.37","1,229.17","1,219.67","-0.20%"
"Nov 19, 2018","1,224.05","1,221.76","1,225.26","1,217.52","0.12%"
"Nov 18, 2018","1,222.62","1,222.49","1,222.84","1,221.69","0.09%"
"Nov 16, 2018","1,221.47","1,213.02","1,225.37","1,212.48","0.70%"
"Nov 15, 2018","1,213.00","1,210.87","1,216.36","1,207.56","0.17%"
"Nov 14, 2018","1,210.91","1,202.26","1,216.33","1,197.12","0.71%"
"Nov 13, 2018","1,202.35","1,200.96","1,205.57","1,196.29","0.14%"
"Nov 12, 2018","1,200.65","1,209.46","1,211.45","1,200.18","-0.84%"
"Nov 11, 2018","1,210.81","1,208.41","1,210.82","1,208.41","0.10%"
"Nov 09, 2018","1,209.60","1,223.88","1,223.97","1,206.52","-1.14%"
"Nov 08, 2018","1,223.54","1,225.99","1,227.05","1,219.63","-0.21%"
"Nov 07, 2018","1,226.11","1,227.24","1,236.23","1,223.31","-0.06%"
"Nov 06, 2018","1,226.80","1,231.66","1,236.31","1,223.41","-0.37%"
"Nov 05, 2018","1,231.30","1,233.36","1,235.46","1,226.88","-0.23%"
"Nov 04, 2018","1,234.17","1,233.19","1,234.26","1,232.70","0.10%"
"Nov 02, 2018","1,232.89","1,234.04","1,236.79","1,229.85","-0.03%"
"Nov 01, 2018","1,233.23","1,215.20","1,237.83","1,214.84","1.54%"
"Oct 31, 2018","1,214.54","1,223.00","1,223.70","1,211.92","-0.73%"
"Oct 30, 2018","1,223.44","1,230.17","1,231.45","1,220.22","-0.51%"
"Oct 29, 2018","1,229.74","1,234.15","1,235.79","1,224.45","-0.25%"
"Oct 28, 2018","1,232.88","1,234.53","1,234.90","1,232.87","-0.06%"
"Oct 26, 2018","1,233.59","1,232.24","1,243.73","1,229.80","0.11%"
"Oct 25, 2018","1,232.23","1,234.59","1,239.85","1,228.08","-0.16%"
"Oct 24, 2018","1,234.22","1,231.06","1,234.27","1,225.74","0.30%"
"Oct 23, 2018","1,230.48","1,222.32","1,240.00","1,221.71","0.68%"
"Oct 22, 2018","1,222.17","1,228.61","1,230.18","1,220.30","-0.42%"
"Oct 21, 2018","1,227.35","1,227.38","1,228.26","1,226.67","0.08%"
"Oct 19, 2018","1,226.32","1,225.65","1,231.08","1,223.04","0.05%"
"Oct 18, 2018","1,225.75","1,222.35","1,230.85","1,218.78","0.25%"
"Oct 17, 2018","1,222.68","1,224.08","1,229.90","1,220.32","-0.14%"
"Oct 16, 2018","1,224.43","1,227.12","1,232.77","1,223.35","-0.20%"
"Oct 15, 2018","1,226.93","1,217.45","1,233.65","1,217.40","0.62%"
"Oct 14, 2018","1,219.33","1,217.35","1,220.35","1,216.98","0.11%"
"Oct 12, 2018","1,217.93","1,224.17","1,224.45","1,215.61","-0.52%"
"Oct 11, 2018","1,224.33","1,195.01","1,226.87","1,191.30","2.47%"
"Oct 10, 2018","1,194.78","1,189.59","1,195.19","1,185.22","0.43%"
"Oct 09, 2018","1,189.62","1,189.01","1,192.23","1,183.49","0.14%"
"Oct 08, 2018","1,188.01","1,203.14","1,204.48","1,183.58","-1.32%"
"Oct 07, 2018","1,203.85","1,203.31","1,204.12","1,202.93","0.08%"
"Oct 05, 2018","1,202.86","1,199.41","1,206.18","1,197.01","0.27%"
"Oct 04, 2018","1,199.66","1,197.35","1,207.11","1,195.76","0.19%"
"Oct 03, 2018","1,197.37","1,203.39","1,208.77","1,196.71","-0.48%"
"Oct 02, 2018","1,203.10","1,189.20","1,208.65","1,188.57","1.23%"
"Oct 01, 2018","1,188.46","1,192.55","1,192.95","1,184.94","-0.21%"
"Sep 30, 2018","1,190.99","1,192.51","1,192.53","1,190.81","-0.09%"
"Sep 28, 2018","1,192.09","1,183.21","1,194.00","1,180.74","0.79%"
"Sep 27, 2018","1,182.80","1,194.80","1,198.94","1,181.98","-0.98%"
"Sep 26, 2018","1,194.46","1,201.23","1,202.84","1,190.53","-0.57%"
"Sep 25, 2018","1,201.31","1,198.84","1,203.71","1,197.21","0.20%"
"Sep 24, 2018","1,198.86","1,198.56","1,204.48","1,194.23","0.07%"
"Sep 23, 2018","1,198.05","1,199.19","1,199.38","1,197.16","-0.13%"
"Sep 21, 2018","1,199.55","1,207.52","1,211.47","1,191.96","-0.66%"
"Sep 20, 2018","1,207.58","1,204.16","1,209.14","1,201.47","0.30%"
"Sep 19, 2018","1,203.98","1,197.84","1,206.53","1,197.81","0.47%"
"Sep 18, 2018","1,198.35","1,202.14","1,204.28","1,196.21","-0.21%"
"Sep 17, 2018","1,200.93","1,193.18","1,205.20","1,192.97","0.62%"
"Sep 16, 2018","1,193.48","1,194.38","1,194.86","1,193.15","-0.02%"
"Sep 14, 2018","1,193.71","1,201.76","1,208.98","1,193.13","-0.64%"
"Sep 13, 2018","1,201.44","1,207.30","1,213.39","1,200.37","-0.39%"
"Sep 12, 2018","1,206.19","1,198.93","1,209.22","1,192.90","0.66%"
"Sep 11, 2018","1,198.29","1,195.73","1,200.12","1,187.95","0.20%"
"Sep 10, 2018","1,195.88","1,195.12","1,198.92","1,191.52","-0.03%"
"Sep 09, 2018","1,196.22","1,195.21","1,196.70","1,195.05","0.03%"
"Sep 07, 2018","1,195.86","1,200.03","1,204.04","1,193.29","-0.36%"
"Sep 06, 2018","1,200.14","1,197.19","1,207.36","1,195.59","0.28%"
"Sep 05, 2018","1,196.75","1,191.18","1,198.82","1,191.10","0.45%"
"Sep 04, 2018","1,191.35","1,201.29","1,202.31","1,189.55","-0.82%"
"Sep 03, 2018","1,201.15","1,200.59","1,204.59","1,196.11","0.16%"
"Sep 02, 2018","1,199.20","1,201.09","1,201.09","1,198.85","-0.16%"
"Aug 31, 2018","1,201.09","1,200.34","1,209.17","1,198.43","0.10%"
"Aug 30, 2018","1,199.88","1,206.32","1,208.18","1,196.32","-0.56%"
"Aug 29, 2018","1,206.66","1,201.28","1,207.73","1,200.90","0.45%"
"Aug 28, 2018","1,201.26","1,211.44","1,214.67","1,199.40","-0.83%"
"Aug 27, 2018","1,211.35","1,206.92","1,212.74","1,202.84","0.29%"
"Aug 26, 2018","1,207.84","1,207.44","1,208.02","1,206.20","0.16%"
"Aug 24, 2018","1,205.96","1,185.32","1,208.87","1,183.32","1.74%"
"Aug 23, 2018","1,185.31","1,195.83","1,197.00","1,183.67","-0.85%"
"Aug 22, 2018","1,195.51","1,196.68","1,201.90","1,192.44","-0.05%"
"Aug 21, 2018","1,196.12","1,190.59","1,197.38","1,187.51","0.47%"
"Aug 20, 2018","1,190.53","1,183.71","1,191.21","1,182.63","0.58%"
"Aug 19, 2018","1,183.66","1,183.53","1,184.05","1,182.88","-0.09%"
"Aug 17, 2018","1,184.77","1,173.72","1,185.42","1,172.03","0.90%"
"Aug 16, 2018","1,174.16","1,175.73","1,182.59","1,160.56","-0.06%"
"Aug 15, 2018","1,174.88","1,194.50","1,195.22","1,173.33","-1.60%"
"Aug 14, 2018","1,194.03","1,194.17","1,199.04","1,192.14","0.03%"
"Aug 13, 2018","1,193.64","1,211.26","1,214.23","1,191.75","-1.55%"
"Aug 12, 2018","1,212.38","1,210.95","1,213.92","1,210.95","0.09%"
"Aug 10, 2018","1,211.30","1,212.56","1,217.48","1,205.85","-0.09%"
"Aug 09, 2018","1,212.35","1,213.89","1,217.65","1,210.72","-0.10%"
"Aug 08, 2018","1,213.61","1,210.70","1,216.27","1,206.29","0.21%"
"Aug 07, 2018","1,211.02","1,207.67","1,216.54","1,207.67","0.34%"
"Aug 06, 2018","1,206.94","1,214.10","1,218.69","1,206.93","-0.66%"
"Aug 05, 2018","1,214.93","1,213.88","1,215.19","1,213.51","0.12%"
"Aug 03, 2018","1,213.43","1,208.01","1,220.41","1,204.40","0.45%"
"Aug 02, 2018","1,207.96","1,215.25","1,221.42","1,207.20","-0.67%"
"Aug 01, 2018","1,216.06","1,224.00","1,225.37","1,215.77","-0.63%"
"Jul 31, 2018","1,223.83","1,221.73","1,228.74","1,214.82","0.17%"
"Jul 30, 2018","1,221.80","1,223.06","1,225.59","1,219.06","-0.06%"
"Jul 29, 2018","1,222.58","1,222.49","1,223.90","1,222.15","-0.07%"
"Jul 27, 2018","1,223.38","1,222.88","1,227.64","1,217.34","0.06%"
"Jul 26, 2018","1,222.67","1,231.31","1,235.57","1,222.17","-0.73%"
"Jul 25, 2018","1,231.61","1,224.31","1,234.64","1,223.10","0.58%"
"Jul 24, 2018","1,224.55","1,225.06","1,229.83","1,218.25","0.00%"
"Jul 23, 2018","1,224.54","1,231.28","1,235.49","1,222.08","-0.68%"
"Jul 22, 2018","1,232.95","1,231.67","1,233.38","1,230.34","0.10%"
"Jul 20, 2018","1,231.77","1,223.48","1,232.68","1,215.84","0.73%"
"Jul 19, 2018","1,222.80","1,227.42","1,229.27","1,211.48","-0.36%"
"Jul 18, 2018","1,227.18","1,227.73","1,229.92","1,221.56","-0.03%"
"Jul 17, 2018","1,227.52","1,240.83","1,245.35","1,225.97","-1.07%"
"Jul 16, 2018","1,240.82","1,241.76","1,246.29","1,238.49","-0.03%"
"Jul 15, 2018","1,241.24","1,240.95","1,242.24","1,240.84","-0.02%"
"Jul 13, 2018","1,241.52","1,247.51","1,248.54","1,237.10","-0.45%"
"Jul 12, 2018","1,247.14","1,242.06","1,248.94","1,241.38","0.40%"
"Jul 11, 2018","1,242.16","1,255.81","1,257.27","1,241.29","-1.07%"
"Jul 10, 2018","1,255.65","1,257.69","1,260.70","1,247.23","-0.17%"
"Jul 09, 2018","1,257.77","1,255.12","1,266.27","1,255.12","0.10%"
"Jul 08, 2018","1,256.48","1,255.71","1,256.62","1,254.94","0.12%"
"Jul 06, 2018","1,254.98","1,257.97","1,259.53","1,252.93","-0.22%"
"Jul 05, 2018","1,257.76","1,256.90","1,260.17","1,251.08","0.06%"
"Jul 04, 2018","1,256.95","1,252.42","1,261.85","1,252.16","0.32%"
"Jul 03, 2018","1,252.93","1,242.21","1,257.41","1,237.81","0.88%"
"Jul 02, 2018","1,241.97","1,253.50","1,254.61","1,239.59","-0.92%"
"Jul 01, 2018","1,253.47","1,252.16","1,254.26","1,251.59","0.04%"
"Jun 29, 2018","1,253.00","1,247.74","1,256.38","1,246.51","0.38%"
"Jun 28, 2018","1,248.28","1,251.91","1,254.65","1,245.71","-0.30%"
"Jun 27, 2018","1,252.02","1,258.21","1,260.52","1,250.70","-0.55%"
"Jun 26, 2018","1,258.98","1,265.72","1,268.03","1,254.51","-0.55%"
"Jun 25, 2018","1,266.00","1,272.66","1,273.54","1,264.80","-0.40%"
"Jun 24, 2018","1,271.06","1,270.20","1,272.12","1,269.51","0.14%"
"Jun 22, 2018","1,269.28","1,267.70","1,271.79","1,266.90","0.16%"
"Jun 21, 2018","1,267.20","1,268.58","1,270.49","1,261.22","-0.07%"
"Jun 20, 2018","1,268.10","1,274.75","1,276.64","1,267.80","-0.52%"
"Jun 19, 2018","1,274.77","1,278.40","1,284.46","1,270.39","-0.28%"
"Jun 18, 2018","1,278.31","1,279.16","1,282.02","1,277.08","-0.21%"
"Jun 17, 2018","1,281.03","1,277.60","1,281.33","1,277.60","0.09%"
"Jun 15, 2018","1,279.84","1,302.15","1,303.92","1,275.85","-1.72%"
"Jun 14, 2018","1,302.22","1,299.85","1,309.69","1,297.34","0.19%"
"Jun 13, 2018","1,299.71","1,295.47","1,301.53","1,292.55","0.29%"
"Jun 12, 2018","1,295.97","1,300.09","1,300.88","1,293.00","-0.32%"
"Jun 11, 2018","1,300.14","1,299.17","1,302.57","1,294.13","0.07%"
"Jun 10, 2018","1,299.24","1,299.95","1,299.95","1,298.37","0.04%"
"Jun 08, 2018","1,298.75","1,297.32","1,301.27","1,294.20","0.13%"
"Jun 07, 2018","1,297.12","1,296.41","1,303.48","1,295.08","0.01%"
"Jun 06, 2018","1,297.00","1,297.15","1,302.85","1,294.63","0.07%"
"Jun 05, 2018","1,296.13","1,292.34","1,300.94","1,289.79","0.32%"
"Jun 04, 2018","1,291.98","1,293.16","1,298.47","1,290.27","-0.06%"
"Jun 03, 2018","1,292.80","1,292.73","1,294.62","1,292.58","-0.03%"
"Jun 01, 2018","1,293.14","1,298.98","1,300.72","1,289.53","-0.40%"
"May 31, 2018","1,298.32","1,301.51","1,306.86","1,297.90","-0.24%"
"May 30, 2018","1,301.48","1,299.02","1,304.70","1,295.75","0.20%"
"May 29, 2018","1,298.86","1,298.68","1,307.14","1,294.30","0.06%"
"May 28, 2018","1,298.11","1,298.74","1,300.47","1,295.62","-0.06%"
"May 27, 2018","1,298.88","1,300.34","1,300.34","1,296.59","-0.21%"
"May 25, 2018","1,301.61","1,304.44","1,308.24","1,300.05","-0.25%"
"May 24, 2018","1,304.88","1,294.06","1,306.97","1,292.91","0.86%"
"May 23, 2018","1,293.75","1,291.50","1,298.59","1,288.61","0.19%"
"May 22, 2018","1,291.32","1,292.85","1,296.44","1,287.80","-0.11%"
"May 21, 2018","1,292.68","1,290.90","1,293.53","1,282.15","0.01%"
"May 18, 2018","1,292.50","1,291.35","1,295.26","1,286.81","0.12%"
"May 17, 2018","1,291.00","1,291.13","1,295.29","1,286.41","-0.00%"
"May 16, 2018","1,291.03","1,290.33","1,297.67","1,287.01","0.03%"
"May 15, 2018","1,290.64","1,313.09","1,315.24","1,288.71","-1.69%"
"May 14, 2018","1,312.82","1,318.56","1,322.76","1,312.82","-0.41%"
"May 11, 2018","1,318.22","1,321.57","1,326.49","1,317.94","-0.24%"
"May 10, 2018","1,321.39","1,312.12","1,323.14","1,310.89","0.66%"
"May 09, 2018","1,312.78","1,314.46","1,317.78","1,304.48","-0.13%"
"May 08, 2018","1,314.47","1,313.57","1,318.08","1,306.20","0.01%"
"May 07, 2018","1,314.30","1,315.03","1,319.22","1,310.29","-0.06%"
"May 04, 2018","1,315.05","1,312.30","1,315.61","1,308.41","0.23%"
"May 03, 2018","1,312.09","1,305.18","1,318.91","1,305.02","0.55%"
"May 02, 2018","1,304.85","1,304.38","1,313.80","1,303.94","0.07%"
"May 01, 2018","1,303.97","1,315.58","1,316.69","1,301.88","-0.87%"
"Apr 30, 2018","1,315.36","1,322.81","1,325.34","1,310.52","-0.56%"
"Apr 27, 2018","1,322.80","1,317.57","1,326.11","1,316.27","0.42%"
"Apr 26, 2018","1,317.28","1,322.39","1,326.96","1,315.45","-0.46%"
"Apr 25, 2018","1,323.33","1,330.12","1,332.40","1,318.90","-0.55%"
"Apr 24, 2018","1,330.68","1,324.71","1,333.04","1,322.60","0.43%"
"Apr 23, 2018","1,325.00","1,335.81","1,336.38","1,322.81","-0.76%"
"Apr 20, 2018","1,335.12","1,346.06","1,346.56","1,335.07","-0.78%"
"Apr 19, 2018","1,345.60","1,349.33","1,355.12","1,341.23","-0.28%"
"Apr 18, 2018","1,349.32","1,347.50","1,356.14","1,342.10","0.15%"
"Apr 17, 2018","1,347.29","1,345.65","1,349.80","1,337.73","0.10%"
"Apr 16, 2018","1,345.91","1,344.58","1,350.89","1,340.17","0.03%"
"Apr 13, 2018","1,345.46","1,335.20","1,347.50","1,335.20","0.75%"
"Apr 12, 2018","1,335.48","1,352.70","1,353.60","1,333.96","-1.32%"
"Apr 11, 2018","1,353.29","1,339.94","1,365.61","1,339.68","0.99%"
"Apr 10, 2018","1,340.05","1,336.87","1,343.55","1,331.81","0.29%"
"Apr 09, 2018","1,336.24","1,333.14","1,338.36","1,326.98","0.23%"
"Apr 06, 2018","1,333.19","1,326.38","1,335.59","1,321.46","0.50%"
"Apr 05, 2018","1,326.55","1,333.02","1,335.29","1,322.80","-0.51%"
"Apr 04, 2018","1,333.35","1,332.82","1,348.45","1,331.59","0.04%"
"Apr 03, 2018","1,332.83","1,340.69","1,342.87","1,329.18","-0.64%"
"Apr 02, 2018","1,341.35","1,326.20","1,345.26","1,324.90","1.23%"
"Mar 29, 2018","1,325.00","1,325.41","1,329.32","1,322.21","0.00%"
"Mar 28, 2018","1,324.99","1,345.74","1,347.39","1,323.59","-1.47%"
"Mar 27, 2018","1,344.71","1,353.51","1,357.06","1,340.16","-0.65%"
"Mar 26, 2018","1,353.46","1,347.91","1,356.37","1,343.55","0.46%"
"Mar 23, 2018","1,347.22","1,329.17","1,350.66","1,329.17","1.37%"
"Mar 22, 2018","1,328.95","1,332.15","1,335.23","1,324.88","-0.24%"
"Mar 21, 2018","1,332.17","1,311.28","1,336.96","1,309.98","1.60%"
"Mar 20, 2018","1,311.21","1,317.00","1,318.66","1,307.31","-0.44%"
"Mar 19, 2018","1,316.94","1,313.94","1,320.07","1,307.89","0.22%"
"Mar 16, 2018","1,314.00","1,317.11","1,322.67","1,310.31","-0.17%"
"Mar 15, 2018","1,316.26","1,324.38","1,328.15","1,315.05","-0.66%"
"Mar 14, 2018","1,325.00","1,326.42","1,330.42","1,321.91","-0.10%"
"Mar 13, 2018","1,326.39","1,322.81","1,328.66","1,316.79","0.25%"
"Mar 12, 2018","1,323.05","1,323.69","1,324.67","1,315.39","-0.05%"
"Mar 09, 2018","1,323.70","1,322.33","1,325.15","1,313.06","0.10%"
"Mar 08, 2018","1,322.35","1,325.84","1,329.39","1,319.19","-0.24%"
"Mar 07, 2018","1,325.54","1,334.50","1,340.47","1,321.95","-0.67%"
"Mar 06, 2018","1,334.46","1,320.36","1,338.89","1,319.91","1.09%"
"Mar 05, 2018","1,320.02","1,323.75","1,327.92","1,317.27","-0.16%"
"Mar 02, 2018","1,322.20","1,316.52","1,325.52","1,314.93","0.43%"
"Mar 01, 2018","1,316.55","1,318.53","1,321.30","1,302.99","-0.11%"
"Feb 28, 2018","1,318.05","1,318.53","1,322.82","1,315.80","-0.01%"
"Feb 27, 2018","1,318.20","1,333.13","1,336.73","1,313.33","-1.12%"
"Feb 26, 2018","1,333.16","1,327.56","1,340.91","1,326.42","0.32%"
"Feb 23, 2018","1,328.94","1,331.80","1,332.23","1,325.58","-0.19%"
"Feb 22, 2018","1,331.51","1,323.93","1,332.20","1,320.69","0.55%"
"Feb 21, 2018","1,324.26","1,329.82","1,336.58","1,322.60","-0.39%"
"Feb 20, 2018","1,329.49","1,346.74","1,348.21","1,328.22","-1.28%"
"Feb 19, 2018","1,346.69","1,347.51","1,351.35","1,345.99","-0.09%"
"Feb 16, 2018","1,347.86","1,353.29","1,361.84","1,344.78","-0.40%"
"Feb 15, 2018","1,353.30","1,350.78","1,357.18","1,348.41","0.19%"
"Feb 14, 2018","1,350.76","1,329.53","1,355.57","1,319.42","1.60%"
"Feb 13, 2018","1,329.55","1,322.29","1,330.96","1,321.39","0.50%"
"Feb 12, 2018","1,322.88","1,315.04","1,326.19","1,314.11","0.47%"
"Feb 09, 2018","1,316.69","1,318.87","1,322.71","1,311.06","-0.17%"
"Feb 08, 2018","1,318.97","1,318.61","1,322.17","1,306.90","0.04%"
"Feb 07, 2018","1,318.49","1,325.15","1,332.49","1,312.05","-0.49%"
"Feb 06, 2018","1,325.02","1,339.68","1,346.08","1,320.04","-1.09%"
"Feb 05, 2018","1,339.60","1,332.32","1,341.70","1,328.88","0.50%"
"Feb 02, 2018","1,332.98","1,349.16","1,350.12","1,327.21","-1.20%"
"Feb 01, 2018","1,349.19","1,345.40","1,351.42","1,337.30","0.30%"
"Jan 31, 2018","1,345.10","1,338.87","1,347.93","1,332.70","0.49%"
"Jan 30, 2018","1,338.55","1,340.67","1,349.12","1,334.48","-0.13%"
"Jan 29, 2018","1,340.35","1,350.07","1,352.65","1,337.74","-0.73%"
"Jan 26, 2018","1,350.14","1,348.36","1,357.39","1,344.38","0.16%"
"Jan 25, 2018","1,348.05","1,358.48","1,366.47","1,343.10","-0.74%"
"Jan 24, 2018","1,358.15","1,341.44","1,361.88","1,339.27","1.25%"
"Jan 23, 2018","1,341.39","1,334.45","1,342.22","1,331.54","0.55%"
"Jan 22, 2018","1,334.11","1,334.88","1,336.04","1,328.71","0.17%"
"Jan 19, 2018","1,331.80","1,327.49","1,338.37","1,326.46","0.35%"
"Jan 18, 2018","1,327.19","1,327.75","1,333.14","1,323.79","-0.04%"
"Jan 17, 2018","1,327.73","1,338.29","1,343.99","1,326.73","-0.81%"
"Jan 16, 2018","1,338.61","1,340.06","1,342.35","1,331.73","-0.11%"
"Jan 15, 2018","1,340.15","1,337.06","1,344.93","1,336.14","0.13%"
"Jan 12, 2018","1,338.40","1,322.82","1,339.40","1,321.16","1.21%"
"Jan 11, 2018","1,322.42","1,316.89","1,323.98","1,315.49","0.40%"
"Jan 10, 2018","1,317.19","1,313.28","1,326.94","1,308.29","0.35%"
"Jan 09, 2018","1,312.66","1,320.63","1,320.68","1,308.80","-0.60%"
"Jan 08, 2018","1,320.58","1,320.04","1,322.22","1,314.97","0.03%"
"Jan 05, 2018","1,320.21","1,323.50","1,323.83","1,313.81","-0.21%"
"Jan 04, 2018","1,322.96","1,312.53","1,325.92","1,305.67","0.77%"
"Jan 03, 2018","1,312.84","1,318.16","1,321.40","1,307.16","-0.40%"
"Jan 02, 2018","1,318.14","1,302.55","1,318.97","1,302.51","0.86%"
"Jan 01, 2018","1,306.86","1,303.43","1,307.72","1,302.43","0.33%"
"Dec 29, 2017","1,302.55","1,294.85","1,307.69","1,293.59","0.60%"
"Dec 28, 2017","1,294.84","1,287.31","1,295.30","1,286.66","0.58%"
"Dec 27, 2017","1,287.41","1,283.64","1,289.40","1,281.46","0.32%"
"Dec 26, 2017","1,283.29","1,274.91","1,283.77","1,273.25","0.63%"
"Dec 25, 2017","1,275.24","1,275.24","1,275.24","1,275.24","0.02%"
"Dec 22, 2017","1,275.01","1,267.12","1,276.38","1,265.10","0.65%"
"Dec 21, 2017","1,266.76","1,265.62","1,268.97","1,263.02","0.09%"
"Dec 20, 2017","1,265.62","1,261.68","1,267.84","1,261.22","0.31%"
"Dec 19, 2017","1,261.72","1,261.69","1,265.27","1,258.97","0.00%"
"Dec 18, 2017","1,261.69","1,253.79","1,264.37","1,252.68","0.51%"
"Dec 15, 2017","1,255.26","1,252.83","1,261.89","1,251.94","0.19%"
"Dec 14, 2017","1,252.85","1,255.54","1,259.18","1,249.92","-0.21%"
"Dec 13, 2017","1,255.45","1,243.88","1,256.95","1,240.06","0.93%"
"Dec 12, 2017","1,243.85","1,242.26","1,246.62","1,236.31","0.15%"
"Dec 11, 2017","1,241.96","1,247.28","1,251.67","1,240.19","-0.50%"
"Dec 08, 2017","1,248.14","1,247.34","1,252.66","1,244.34","0.12%"
"Dec 07, 2017","1,246.70","1,264.26","1,264.82","1,244.11","-1.36%"
"Dec 06, 2017","1,263.94","1,266.62","1,269.32","1,262.39","-0.21%"
"Dec 05, 2017","1,266.55","1,276.54","1,277.41","1,261.11","-0.76%"
"Dec 04, 2017","1,276.23","1,272.93","1,277.24","1,271.80","-0.31%"
"Dec 01, 2017","1,280.26","1,274.29","1,289.58","1,271.58","0.43%"
"Nov 30, 2017","1,274.76","1,283.88","1,285.69","1,270.51","-0.69%"
"Nov 29, 2017","1,283.57","1,293.90","1,296.74","1,281.97","-0.81%"
"Nov 28, 2017","1,294.01","1,294.85","1,297.73","1,291.01","-0.04%"
"Nov 27, 2017","1,294.50","1,288.57","1,299.19","1,286.46","0.49%"
"Nov 24, 2017","1,288.22","1,291.52","1,293.61","1,286.15","-0.23%"
"Nov 23, 2017","1,291.25","1,292.40","1,293.46","1,287.46","-0.07%"
"Nov 22, 2017","1,292.12","1,280.38","1,294.75","1,278.77","0.91%"
"Nov 21, 2017","1,280.48","1,276.70","1,284.87","1,276.08","0.30%"
"Nov 20, 2017","1,276.69","1,292.68","1,294.80","1,274.92","-1.37%"
"Nov 17, 2017","1,294.37","1,278.44","1,297.04","1,277.94","1.24%"
"Nov 16, 2017","1,278.47","1,278.47","1,281.60","1,274.98","-0.03%"
"Nov 15, 2017","1,278.80","1,281.01","1,289.47","1,277.04","-0.15%"
"Nov 14, 2017","1,280.71","1,278.17","1,283.68","1,270.64","0.21%"
"Nov 13, 2017","1,277.99","1,275.15","1,280.22","1,274.29","0.14%"
"Nov 10, 2017","1,276.14","1,285.21","1,287.16","1,273.33","-0.71%"
"Nov 09, 2017","1,285.30","1,281.62","1,288.72","1,280.09","0.31%"
"Nov 08, 2017","1,281.30","1,275.85","1,287.52","1,275.23","0.45%"
"Nov 07, 2017","1,275.54","1,281.83","1,281.97","1,271.68","-0.47%"
"Nov 06, 2017","1,281.56","1,269.49","1,283.01","1,266.06","0.92%"
"Nov 03, 2017","1,269.85","1,276.80","1,279.74","1,265.55","-0.48%"
"Nov 02, 2017","1,275.99","1,274.90","1,284.48","1,273.63","0.13%"
"Nov 01, 2017","1,274.39","1,270.88","1,281.26","1,267.98","0.22%"
"Oct 31, 2017","1,271.58","1,276.29","1,278.36","1,268.01","-0.37%"
"Oct 30, 2017","1,276.24","1,273.59","1,279.29","1,268.80","0.23%"
"Oct 27, 2017","1,273.35","1,268.07","1,274.80","1,264.10","0.49%"
"Oct 26, 2017","1,267.11","1,277.56","1,282.80","1,265.69","-0.81%"
"Oct 25, 2017","1,277.41","1,276.85","1,280.39","1,271.03","0.05%"
"Oct 24, 2017","1,276.72","1,282.02","1,284.06","1,273.43","-0.42%"
"Oct 23, 2017","1,282.07","1,277.45","1,283.66","1,272.24","0.11%"
"Oct 20, 2017","1,280.72","1,289.57","1,291.47","1,277.88","-0.70%"
"Oct 19, 2017","1,289.79","1,281.25","1,290.69","1,276.61","0.67%"
"Oct 18, 2017","1,281.17","1,285.18","1,289.08","1,277.13","-0.31%"
"Oct 17, 2017","1,285.19","1,295.32","1,296.66","1,281.69","-0.74%"
"Oct 16, 2017","1,294.73","1,303.88","1,306.80","1,291.01","-0.78%"
"Oct 13, 2017","1,304.88","1,293.73","1,304.88","1,291.04","0.87%"
"Oct 12, 2017","1,293.60","1,292.01","1,297.60","1,289.47","0.14%"
"Oct 11, 2017","1,291.80","1,287.91","1,293.56","1,284.12","0.31%"
"Oct 10, 2017","1,287.85","1,284.35","1,294.63","1,282.29","0.29%"
"Oct 09, 2017","1,284.10","1,275.45","1,285.50","1,275.21","0.63%"
"Oct 06, 2017","1,276.03","1,269.09","1,277.18","1,260.88","0.63%"
"Oct 05, 2017","1,268.05","1,275.16","1,279.42","1,266.90","-0.52%"
"Oct 04, 2017","1,274.69","1,271.64","1,282.42","1,270.85","0.23%"
"Oct 03, 2017","1,271.75","1,270.71","1,274.71","1,267.91","0.05%"
"Oct 02, 2017","1,271.12","1,279.51","1,279.61","1,270.45","-0.65%"
"Sep 29, 2017","1,279.45","1,286.91","1,290.47","1,278.24","-0.61%"
"Sep 28, 2017","1,287.30","1,281.11","1,289.01","1,277.64","0.48%"
"Sep 27, 2017","1,281.12","1,293.61","1,296.54","1,281.12","-0.99%"
"Sep 26, 2017","1,293.89","1,309.90","1,313.92","1,293.04","-1.27%"
"Sep 25, 2017","1,310.55","1,297.67","1,311.90","1,290.63","1.02%"
"Sep 22, 2017","1,297.38","1,291.30","1,299.14","1,291.30","0.46%"
"Sep 21, 2017","1,291.39","1,301.02","1,302.07","1,287.99","-0.75%"
"Sep 20, 2017","1,301.15","1,310.94","1,316.25","1,295.96","-0.77%"
"Sep 19, 2017","1,311.28","1,307.30","1,311.78","1,304.98","0.28%"
"Sep 18, 2017","1,307.57","1,320.50","1,320.50","1,305.04","-0.91%"
"Sep 15, 2017","1,319.62","1,329.83","1,334.77","1,319.62","-0.77%"
"Sep 14, 2017","1,329.83","1,323.56","1,330.69","1,316.11","0.50%"
"Sep 13, 2017","1,323.25","1,331.95","1,335.05","1,320.91","-0.65%"
"Sep 12, 2017","1,331.94","1,327.86","1,332.43","1,322.55","0.35%"
"Sep 11, 2017","1,327.32","1,337.45","1,340.36","1,326.36","-1.44%"
"Sep 08, 2017","1,346.71","1,348.83","1,357.94","1,343.00","-0.18%"
"Sep 07, 2017","1,349.20","1,334.27","1,350.27","1,332.60","1.13%"
"Sep 06, 2017","1,334.14","1,339.55","1,342.84","1,331.66","-0.39%"
"Sep 05, 2017","1,339.33","1,335.07","1,345.18","1,327.96","0.35%"
"Sep 04, 2017","1,334.67","1,334.38","1,339.85","1,331.92","0.73%"
"Sep 01, 2017","1,324.97","1,321.80","1,329.20","1,316.65","0.22%"
"Aug 31, 2017","1,322.07","1,308.80","1,324.11","1,300.82","1.02%"
"Aug 30, 2017","1,308.76","1,309.27","1,313.87","1,305.26","-0.06%"
"Aug 29, 2017","1,309.50","1,317.75","1,326.14","1,304.93","-0.07%"
"Aug 28, 2017","1,310.48","1,292.77","1,312.98","1,292.48","1.50%"
"Aug 25, 2017","1,291.15","1,285.91","1,294.14","1,278.66","0.37%"
"Aug 24, 2017","1,286.33","1,289.98","1,291.30","1,284.55","-0.33%"
"Aug 23, 2017","1,290.62","1,285.56","1,292.03","1,283.09","0.46%"
"Aug 22, 2017","1,284.72","1,291.18","1,292.69","1,282.11","-0.50%"
"Aug 21, 2017","1,291.22","1,283.60","1,293.58","1,280.60","0.52%"
"Aug 18, 2017","1,284.50","1,288.20","1,301.20","1,283.64","-0.27%"
"Aug 17, 2017","1,288.01","1,283.61","1,290.47","1,282.20","0.38%"
"Aug 16, 2017","1,283.10","1,271.87","1,284.29","1,268.19","0.86%"
"Aug 15, 2017","1,272.13","1,282.36","1,282.77","1,267.98","-0.77%"
"Aug 14, 2017","1,281.95","1,289.09","1,289.82","1,278.12","-0.56%"
"Aug 11, 2017","1,289.21","1,286.45","1,292.26","1,281.55","0.18%"
"Aug 10, 2017","1,286.90","1,277.56","1,288.63","1,274.85","0.73%"
"Aug 09, 2017","1,277.55","1,261.41","1,279.06","1,260.96","1.34%"
"Aug 08, 2017","1,260.64","1,257.61","1,265.70","1,251.41","0.23%"
"Aug 07, 2017","1,257.69","1,259.03","1,260.38","1,255.68","-0.07%"
"Aug 04, 2017","1,258.60","1,269.01","1,270.94","1,254.75","-0.79%"
"Aug 03, 2017","1,268.65","1,266.46","1,271.37","1,258.70","0.15%"
"Aug 02, 2017","1,266.70","1,268.80","1,273.34","1,263.18","-0.19%"
"Aug 01, 2017","1,269.05","1,268.80","1,274.47","1,264.05","-0.04%"
"Jul 31, 2017","1,269.55","1,270.16","1,271.48","1,265.93","0.02%"
"Jul 28, 2017","1,269.25","1,259.36","1,271.34","1,257.45","0.81%"
"Jul 27, 2017","1,259.00","1,260.50","1,265.49","1,254.52","-0.17%"
"Jul 26, 2017","1,261.10","1,250.00","1,263.92","1,243.91","0.96%"
"Jul 25, 2017","1,249.05","1,254.77","1,258.18","1,249.01","-0.49%"
"Jul 24, 2017","1,255.24","1,255.66","1,259.17","1,251.78","0.03%"
"Jul 21, 2017","1,254.90","1,244.16","1,256.30","1,243.35","0.82%"
"Jul 20, 2017","1,244.74","1,241.03","1,247.98","1,235.24","0.31%"
"Jul 19, 2017","1,240.87","1,242.58","1,244.48","1,236.05","-0.13%"
"Jul 18, 2017","1,242.46","1,233.84","1,245.06","1,233.01","0.65%"
"Jul 17, 2017","1,234.40","1,228.60","1,236.44","1,228.30","0.44%"
"Jul 14, 2017","1,228.98","1,216.63","1,233.16","1,214.95","0.95%"
"Jul 13, 2017","1,217.45","1,220.21","1,224.92","1,216.63","-0.21%"
"Jul 12, 2017","1,220.00","1,217.95","1,226.10","1,214.51","0.19%"
"Jul 11, 2017","1,217.69","1,214.59","1,217.79","1,207.89","0.28%"
"Jul 10, 2017","1,214.35","1,213.70","1,215.60","1,204.85","0.12%"
"Jul 07, 2017","1,212.90","1,224.39","1,227.20","1,207.25","-1.00%"
"Jul 06, 2017","1,225.15","1,227.06","1,229.57","1,222.56","-0.15%"
"Jul 05, 2017","1,226.95","1,223.55","1,229.34","1,217.64","0.24%"
"Jul 04, 2017","1,223.97","1,221.94","1,226.74","1,220.69","0.29%"
"Jul 03, 2017","1,220.46","1,241.46","1,242.83","1,218.41","-1.70%"
"Jun 30, 2017","1,241.60","1,244.82","1,248.59","1,239.70","-0.33%"
"Jun 29, 2017","1,245.74","1,249.18","1,253.71","1,239.66","-0.29%"
"Jun 28, 2017","1,249.32","1,247.37","1,255.11","1,247.37","0.18%"
"Jun 27, 2017","1,247.10","1,243.65","1,253.13","1,241.12","0.21%"
"Jun 26, 2017","1,244.45","1,258.13","1,258.54","1,236.96","-0.99%"
"Jun 23, 2017","1,256.90","1,250.00","1,259.31","1,249.74","0.50%"
"Jun 22, 2017","1,250.62","1,245.55","1,255.05","1,245.55","0.33%"
"Jun 21, 2017","1,246.55","1,243.16","1,248.31","1,241.25","0.27%"
"Jun 20, 2017","1,243.19","1,244.04","1,248.38","1,241.38","-0.00%"
"Jun 19, 2017","1,243.25","1,254.00","1,256.12","1,243.22","-0.83%"
"Jun 16, 2017","1,253.63","1,254.36","1,257.63","1,251.55","-0.03%"
"Jun 15, 2017","1,254.00","1,260.70","1,267.04","1,251.68","-0.57%"
"Jun 14, 2017","1,261.18","1,266.28","1,279.87","1,257.15","-0.37%"
"Jun 13, 2017","1,265.85","1,264.75","1,269.42","1,259.66","0.01%"
"Jun 12, 2017","1,265.74","1,267.42","1,271.01","1,263.95","-0.05%"
"Jun 09, 2017","1,266.40","1,279.29","1,281.30","1,264.74","-0.98%"
"Jun 08, 2017","1,278.90","1,287.45","1,289.34","1,271.49","-0.62%"
"Jun 07, 2017","1,286.91","1,294.39","1,295.28","1,283.00","-0.55%"
"Jun 06, 2017","1,294.00","1,280.26","1,296.47","1,279.44","1.10%"
"Jun 05, 2017","1,279.95","1,279.34","1,283.77","1,278.00","-0.00%"
"Jun 02, 2017","1,279.98","1,266.11","1,279.98","1,259.00","1.13%"
"Jun 01, 2017","1,265.64","1,268.89","1,270.72","1,261.49","-0.23%"
"May 31, 2017","1,268.60","1,263.05","1,274.24","1,259.26","0.44%"
"May 30, 2017","1,263.10","1,267.24","1,270.86","1,259.39","-0.31%"
"May 29, 2017","1,266.97","1,267.47","1,269.12","1,265.12","-0.01%"
"May 26, 2017","1,267.05","1,255.60","1,269.88","1,252.88","0.90%"
"May 25, 2017","1,255.76","1,258.49","1,260.08","1,253.89","-0.22%"
"May 24, 2017","1,258.55","1,251.26","1,259.37","1,247.70","0.59%"
"May 23, 2017","1,251.16","1,260.13","1,264.18","1,250.46","-0.74%"
"May 22, 2017","1,260.46","1,256.10","1,263.00","1,251.61","0.39%"
"May 19, 2017","1,255.55","1,246.67","1,256.98","1,246.61","0.68%"
"May 18, 2017","1,247.05","1,261.56","1,265.54","1,245.90","-1.09%"
"May 17, 2017","1,260.74","1,237.31","1,261.55","1,236.30","1.94%"
"May 16, 2017","1,236.80","1,231.46","1,239.50","1,230.51","0.49%"
"May 15, 2017","1,230.71","1,228.40","1,237.76","1,227.20","0.15%"
"May 12, 2017","1,228.83","1,225.41","1,232.26","1,224.55","0.32%"
"May 11, 2017","1,224.85","1,218.74","1,228.20","1,217.81","0.47%"
"May 10, 2017","1,219.15","1,221.42","1,226.15","1,217.49","-0.18%"
"May 09, 2017","1,221.30","1,226.12","1,229.01","1,214.21","-0.41%"
"May 08, 2017","1,226.30","1,225.67","1,237.10","1,225.36","-0.12%"
"May 05, 2017","1,227.73","1,227.92","1,235.79","1,225.83","-0.00%"
"May 04, 2017","1,227.75","1,238.66","1,241.77","1,225.70","-0.86%"
"May 03, 2017","1,238.38","1,256.71","1,257.29","1,236.41","-1.47%"
"May 02, 2017","1,256.90","1,256.51","1,257.89","1,251.48","0.01%"
"May 01, 2017","1,256.80","1,268.60","1,271.60","1,254.16","-0.90%"
"Apr 28, 2017","1,268.15","1,264.26","1,269.08","1,263.30","0.28%"
"Apr 27, 2017","1,264.60","1,268.80","1,270.53","1,261.61","-0.35%"
"Apr 26, 2017","1,269.05","1,264.41","1,271.10","1,260.30","0.42%"
"Apr 25, 2017","1,263.76","1,276.96","1,278.57","1,261.81","-0.90%"
"Apr 24, 2017","1,275.30","1,269.88","1,277.48","1,266.01","-0.72%"
"Apr 21, 2017","1,284.50","1,281.96","1,288.67","1,278.43","0.21%"
"Apr 20, 2017","1,281.85","1,280.06","1,283.79","1,276.74","0.17%"
"Apr 19, 2017","1,279.66","1,290.21","1,291.51","1,276.48","-0.77%"
"Apr 18, 2017","1,289.64","1,284.94","1,292.70","1,279.40","0.38%"
"Apr 17, 2017","1,284.80","1,292.96","1,295.92","1,281.61","-0.07%"
"Apr 14, 2017","1,285.69","1,287.35","1,288.75","1,285.31","-0.16%"
"Apr 13, 2017","1,287.74","1,285.54","1,289.03","1,281.73","0.09%"
"Apr 12, 2017","1,286.60","1,274.51","1,287.29","1,272.42","0.95%"
"Apr 11, 2017","1,274.44","1,255.23","1,275.55","1,253.29","1.57%"
"Apr 10, 2017","1,254.73","1,254.26","1,257.70","1,247.50","0.05%"
"Apr 07, 2017","1,254.05","1,252.11","1,270.96","1,250.80","0.18%"
"Apr 06, 2017","1,251.80","1,256.40","1,259.46","1,249.85","-0.28%"
"Apr 05, 2017","1,255.30","1,255.73","1,257.78","1,243.85","-0.07%"
"Apr 04, 2017","1,256.22","1,255.46","1,261.90","1,254.46","0.23%"
"Apr 03, 2017","1,253.35","1,248.40","1,254.20","1,244.55","0.34%"
"Mar 31, 2017","1,249.13","1,242.83","1,251.11","1,240.05","0.47%"
"Mar 30, 2017","1,243.30","1,253.10","1,254.20","1,242.61","-0.73%"
"Mar 29, 2017","1,252.45","1,251.64","1,255.16","1,247.25","0.07%"
"Mar 28, 2017","1,251.63","1,253.82","1,258.46","1,247.52","-0.21%"
"Mar 27, 2017","1,254.30","1,248.01","1,261.54","1,247.69","0.81%"
"Mar 24, 2017","1,244.17","1,244.88","1,252.28","1,240.72","-0.09%"
"Mar 23, 2017","1,245.30","1,248.86","1,253.62","1,242.84","-0.32%"
"Mar 22, 2017","1,249.35","1,244.15","1,251.76","1,243.89","0.35%"
"Mar 21, 2017","1,245.00","1,233.78","1,248.10","1,226.82","0.90%"
"Mar 20, 2017","1,233.90","1,229.79","1,236.25","1,229.51","0.39%"
"Mar 17, 2017","1,229.15","1,227.31","1,232.45","1,225.06","0.19%"
"Mar 16, 2017","1,226.78","1,219.03","1,233.51","1,217.83","0.61%"
"Mar 15, 2017","1,219.40","1,199.11","1,222.66","1,197.93","1.69%"
"Mar 14, 2017","1,199.08","1,204.25","1,208.38","1,197.54","-0.41%"
"Mar 13, 2017","1,204.05","1,205.43","1,211.66","1,202.47","-0.04%"
"Mar 10, 2017","1,204.55","1,200.80","1,206.43","1,194.62","0.31%"
"Mar 09, 2017","1,200.83","1,207.63","1,209.17","1,199.12","-0.56%"
"Mar 08, 2017","1,207.58","1,215.65","1,218.68","1,206.13","-0.67%"
"Mar 07, 2017","1,215.67","1,225.62","1,227.25","1,213.67","-0.84%"
"Mar 06, 2017","1,225.96","1,232.81","1,237.17","1,224.65","-0.68%"
"Mar 03, 2017","1,234.30","1,234.80","1,236.28","1,222.59","-0.08%"
"Mar 02, 2017","1,235.30","1,249.44","1,250.36","1,231.16","-1.09%"
"Mar 01, 2017","1,248.94","1,248.57","1,250.68","1,236.53","0.03%"
"Feb 28, 2017","1,248.59","1,252.48","1,258.37","1,247.48","-0.33%"
"Feb 27, 2017","1,252.76","1,257.41","1,263.88","1,250.48","-0.33%"
"Feb 24, 2017","1,256.94","1,249.52","1,260.48","1,247.54","0.60%"
"Feb 23, 2017","1,249.41","1,237.79","1,251.21","1,235.20","0.95%"
"Feb 22, 2017","1,237.69","1,236.22","1,240.72","1,231.62","0.14%"
"Feb 21, 2017","1,235.97","1,237.03","1,238.92","1,225.81","-0.19%"
"Feb 20, 2017","1,238.38","1,235.20","1,239.29","1,232.62","0.25%"
"Feb 17, 2017","1,235.29","1,239.25","1,243.84","1,234.52","-0.31%"
"Feb 16, 2017","1,239.14","1,233.34","1,242.71","1,232.04","0.50%"
"Feb 15, 2017","1,232.94","1,228.89","1,233.61","1,216.80","0.35%"
"Feb 14, 2017","1,228.61","1,225.74","1,234.87","1,221.76","0.26%"
"Feb 13, 2017","1,225.44","1,231.84","1,232.65","1,219.37","-0.70%"
"Feb 10, 2017","1,234.12","1,230.62","1,237.07","1,221.12","0.26%"
"Feb 09, 2017","1,230.89","1,242.48","1,244.52","1,230.22","-0.89%"
"Feb 08, 2017","1,241.99","1,234.04","1,245.06","1,230.29","0.67%"
"Feb 07, 2017","1,233.72","1,235.23","1,235.86","1,227.41","-0.15%"
"Feb 06, 2017","1,235.59","1,219.67","1,235.84","1,219.01","1.29%"
"Feb 03, 2017","1,219.88","1,215.89","1,221.48","1,207.18","0.32%"
"Feb 02, 2017","1,215.93","1,209.53","1,225.41","1,208.26","0.53%"
"Feb 01, 2017","1,209.49","1,210.89","1,213.59","1,198.12","-0.09%"
"Jan 31, 2017","1,210.63","1,195.38","1,215.49","1,193.83","1.28%"
"Jan 30, 2017","1,195.35","1,192.85","1,199.88","1,188.15","0.31%"
"Jan 27, 2017","1,191.60","1,188.78","1,192.06","1,181.04","0.25%"
"Jan 26, 2017","1,188.57","1,199.93","1,202.67","1,184.11","-0.98%"
"Jan 25, 2017","1,200.31","1,208.79","1,209.84","1,192.83","-0.70%"
"Jan 24, 2017","1,208.81","1,217.40","1,219.66","1,206.02","-0.71%"
"Jan 23, 2017","1,217.48","1,209.43","1,219.54","1,209.27","0.62%"
"Jan 20, 2017","1,209.96","1,205.16","1,215.30","1,198.68","0.40%"
"Jan 19, 2017","1,205.14","1,203.92","1,206.88","1,195.86","0.12%"
"Jan 18, 2017","1,203.64","1,216.56","1,217.60","1,201.91","-1.06%"
"Jan 17, 2017","1,216.54","1,202.80","1,218.72","1,202.38","1.11%"
"Jan 16, 2017","1,203.17","1,200.55","1,208.23","1,198.17","0.46%"
"Jan 13, 2017","1,197.66","1,195.96","1,201.20","1,187.93","0.17%"
"Jan 12, 2017","1,195.66","1,191.75","1,207.07","1,191.00","0.32%"
"Jan 11, 2017","1,191.85","1,187.74","1,198.79","1,177.33","0.35%"
"Jan 10, 2017","1,187.74","1,181.33","1,190.57","1,179.86","0.55%"
"Jan 09, 2017","1,181.27","1,172.64","1,185.91","1,171.89","0.72%"
"Jan 06, 2017","1,172.81","1,180.38","1,181.49","1,170.37","-0.65%"
"Jan 05, 2017","1,180.48","1,163.67","1,184.99","1,162.38","1.43%"
"Jan 04, 2017","1,163.80","1,159.28","1,168.23","1,156.35","0.42%"
"Jan 03, 2017","1,158.91","1,150.80","1,163.61","1,145.77","0.73%"
"Jan 02, 2017","1,150.52","1,150.55","1,152.66","1,149.66","-0.12%"
"Dec 30, 2016","1,151.85","1,158.68","1,163.53","1,149.49","-0.56%"
"Dec 29, 2016","1,158.32","1,142.39","1,159.58","1,140.81","1.39%"
"Dec 28, 2016","1,142.45","1,139.64","1,144.84","1,136.54","0.27%"
"Dec 27, 2016","1,139.35","1,134.06","1,149.48","1,131.85","0.48%"
"Dec 26, 2016","1,133.94","1,133.94","1,133.94","1,133.94","0.04%"
"Dec 23, 2016","1,133.49","1,128.88","1,136.12","1,128.17","0.43%"
"Dec 22, 2016","1,128.69","1,131.80","1,134.17","1,127.43","-0.27%"
"Dec 21, 2016","1,131.80","1,132.14","1,137.51","1,129.29","-0.04%"
"Dec 20, 2016","1,132.20","1,139.34","1,140.08","1,125.63","-0.60%"
"Dec 19, 2016","1,139.05","1,134.35","1,142.70","1,134.14","0.44%"
"Dec 16, 2016","1,134.09","1,128.44","1,141.28","1,126.46","0.50%"
"Dec 15, 2016","1,128.43","1,143.81","1,144.49","1,122.44","-1.38%"
"Dec 14, 2016","1,144.25","1,158.39","1,165.10","1,139.47","-1.22%"
"Dec 13, 2016","1,158.35","1,162.45","1,165.16","1,154.71","-0.33%"
"Dec 12, 2016","1,162.21","1,159.01","1,165.85","1,151.43","0.37%"
"Dec 09, 2016","1,157.87","1,170.48","1,172.22","1,156.17","-1.08%"
"Dec 08, 2016","1,170.55","1,173.65","1,178.62","1,168.88","-0.29%"
"Dec 07, 2016","1,174.00","1,169.64","1,180.30","1,165.35","0.36%"
"Dec 06, 2016","1,169.74","1,170.18","1,175.40","1,166.53","-0.04%"
"Dec 05, 2016","1,170.26","1,182.80","1,187.79","1,157.08","-0.57%"
"Dec 02, 2016","1,176.92","1,171.05","1,178.03","1,166.20","0.48%"
"Dec 01, 2016","1,171.30","1,173.29","1,177.07","1,160.77","-0.15%"
"Nov 30, 2016","1,173.11","1,188.72","1,195.36","1,170.76","-1.29%"
"Nov 29, 2016","1,188.46","1,193.30","1,195.06","1,180.97","-0.42%"
"Nov 28, 2016","1,193.44","1,183.10","1,197.60","1,182.96","0.83%"
"Nov 25, 2016","1,183.63","1,184.96","1,193.96","1,171.96","-0.03%"
"Nov 24, 2016","1,184.00","1,188.11","1,191.34","1,181.79","-0.32%"
"Nov 23, 2016","1,187.77","1,212.24","1,215.05","1,181.57","-2.02%"
"Nov 22, 2016","1,212.24","1,214.29","1,221.45","1,206.24","-0.15%"
"Nov 21, 2016","1,214.05","1,208.10","1,218.02","1,205.74","0.44%"
"Nov 18, 2016","1,208.69","1,216.39","1,218.13","1,203.90","-0.63%"
"Nov 17, 2016","1,216.39","1,225.68","1,231.80","1,211.12","-0.73%"
"Nov 16, 2016","1,225.30","1,228.38","1,233.47","1,221.60","-0.23%"
"Nov 15, 2016","1,228.08","1,220.24","1,231.54","1,219.06","0.64%"
"Nov 14, 2016","1,220.26","1,227.90","1,231.56","1,211.47","-0.44%"
"Nov 11, 2016","1,225.68","1,259.82","1,265.50","1,219.50","-2.71%"
"Nov 10, 2016","1,259.76","1,277.68","1,292.22","1,252.28","-1.43%"
"Nov 09, 2016","1,278.00","1,275.45","1,337.60","1,269.38","0.19%"
"Nov 08, 2016","1,275.64","1,281.66","1,290.84","1,273.04","-0.45%"
"Nov 07, 2016","1,281.41","1,291.61","1,295.90","1,277.80","-1.75%"
"Nov 04, 2016","1,304.25","1,302.61","1,307.11","1,294.65","0.04%"
"Nov 03, 2016","1,303.75","1,297.16","1,306.90","1,285.51","0.49%"
"Nov 02, 2016","1,297.39","1,287.90","1,308.26","1,287.50","0.72%"
"Nov 01, 2016","1,288.15","1,277.17","1,292.21","1,275.55","0.84%"
"Oct 31, 2016","1,277.38","1,278.01","1,279.64","1,270.89","0.08%"
"Oct 28, 2016","1,276.30","1,268.39","1,284.53","1,262.42","0.63%"
"Oct 27, 2016","1,268.30","1,267.15","1,273.17","1,265.40","0.10%"
"Oct 26, 2016","1,266.99","1,273.30","1,276.89","1,264.58","-0.58%"
"Oct 25, 2016","1,274.35","1,265.67","1,277.17","1,262.40","0.78%"
"Oct 24, 2016","1,264.44","1,266.21","1,272.26","1,260.76","-0.18%"
"Oct 21, 2016","1,266.75","1,266.10","1,268.43","1,261.20","0.06%"
"Oct 20, 2016","1,266.00","1,269.55","1,274.02","1,264.55","-0.27%"
"Oct 19, 2016","1,269.40","1,262.63","1,273.84","1,260.24","0.52%"
"Oct 18, 2016","1,262.84","1,256.60","1,265.38","1,254.90","0.57%"
"Oct 17, 2016","1,255.70","1,250.25","1,257.67","1,250.25","0.41%"
"Oct 14, 2016","1,250.55","1,258.79","1,259.65","1,247.51","-0.60%"
"Oct 13, 2016","1,258.12","1,256.14","1,262.41","1,253.53","0.22%"
"Oct 12, 2016","1,255.33","1,253.45","1,259.26","1,250.31","0.17%"
"Oct 11, 2016","1,253.25","1,259.06","1,262.66","1,252.60","-0.52%"
"Oct 10, 2016","1,259.74","1,257.46","1,265.35","1,256.59","0.22%"
"Oct 07, 2016","1,256.96","1,255.35","1,265.73","1,241.68","0.18%"
"Oct 06, 2016","1,254.74","1,267.73","1,269.94","1,250.20","-0.94%"
"Oct 05, 2016","1,266.69","1,269.41","1,277.51","1,262.12","-0.13%"
"Oct 04, 2016","1,268.30","1,312.18","1,313.52","1,266.81","-3.33%"
"Oct 03, 2016","1,311.96","1,318.24","1,320.11","1,309.58","-0.30%"
"Sep 30, 2016","1,315.96","1,320.56","1,328.23","1,312.83","-0.33%"
"Sep 29, 2016","1,320.27","1,322.08","1,326.02","1,315.89","-0.09%"
"Sep 28, 2016","1,321.41","1,326.90","1,327.74","1,317.89","-0.45%"
"Sep 27, 2016","1,327.36","1,337.77","1,339.78","1,324.81","-0.79%"
"Sep 26, 2016","1,337.97","1,337.07","1,342.46","1,332.56","0.03%"
"Sep 23, 2016","1,337.61","1,337.69","1,341.06","1,333.59","0.02%"
"Sep 22, 2016","1,337.30","1,335.12","1,344.27","1,331.56","0.03%"
"Sep 21, 2016","1,336.85","1,315.10","1,337.22","1,308.60","1.65%"
"Sep 20, 2016","1,315.10","1,312.80","1,318.50","1,312.31","0.13%"
"Sep 19, 2016","1,313.39","1,310.77","1,318.32","1,309.27","0.23%"
"Sep 16, 2016","1,310.43","1,313.91","1,318.43","1,306.62","-0.29%"
"Sep 15, 2016","1,314.25","1,322.72","1,327.53","1,309.70","-0.66%"
"Sep 14, 2016","1,322.97","1,318.88","1,326.26","1,316.13","0.30%"
"Sep 13, 2016","1,319.06","1,327.99","1,332.64","1,315.71","-0.65%"
"Sep 12, 2016","1,327.63","1,328.29","1,330.68","1,320.79","-0.04%"
"Sep 09, 2016","1,328.15","1,338.41","1,340.03","1,327.70","-0.76%"
"Sep 08, 2016","1,338.35","1,345.11","1,349.78","1,335.54","-0.51%"
"Sep 07, 2016","1,345.24","1,348.67","1,353.01","1,342.74","-0.34%"
"Sep 06, 2016","1,349.88","1,325.37","1,352.16","1,324.77","1.72%"
"Sep 05, 2016","1,327.08","1,324.42","1,329.32","1,322.31","0.16%"
"Sep 02, 2016","1,325.01","1,314.13","1,329.09","1,309.51","0.85%"
"Sep 01, 2016","1,313.79","1,309.12","1,315.38","1,302.23","0.37%"
"Aug 31, 2016","1,308.95","1,311.25","1,316.54","1,305.41","-0.17%"
"Aug 30, 2016","1,311.15","1,323.20","1,325.70","1,309.15","-0.93%"
"Aug 29, 2016","1,323.41","1,320.47","1,325.43","1,315.10","0.16%"
"Aug 26, 2016","1,321.33","1,321.89","1,341.54","1,318.89","-0.03%"
"Aug 25, 2016","1,321.70","1,323.75","1,327.50","1,317.96","-0.15%"
"Aug 24, 2016","1,323.75","1,337.88","1,340.52","1,323.70","-1.07%"
"Aug 23, 2016","1,338.10","1,339.34","1,345.45","1,335.65","-0.07%"
"Aug 22, 2016","1,339.02","1,340.83","1,341.65","1,332.10","-0.21%"
"Aug 19, 2016","1,341.78","1,352.91","1,353.44","1,337.93","-0.78%"
"Aug 18, 2016","1,352.34","1,349.05","1,356.60","1,345.84","0.27%"
"Aug 17, 2016","1,348.66","1,345.70","1,352.07","1,337.70","0.19%"
"Aug 16, 2016","1,346.08","1,339.69","1,358.38","1,339.47","0.50%"
"Aug 15, 2016","1,339.36","1,338.08","1,344.21","1,335.95","0.24%"
"Aug 12, 2016","1,336.19","1,338.70","1,356.28","1,333.98","-0.20%"
"Aug 11, 2016","1,338.87","1,347.26","1,353.78","1,335.93","-0.58%"
"Aug 10, 2016","1,346.67","1,340.95","1,357.57","1,340.30","0.44%"
"Aug 09, 2016","1,340.75","1,334.85","1,343.24","1,330.47","0.40%"
"Aug 08, 2016","1,335.38","1,335.17","1,338.53","1,329.84","-0.03%"
"Aug 05, 2016","1,335.80","1,360.71","1,365.51","1,334.87","-1.87%"
"Aug 04, 2016","1,361.20","1,358.41","1,365.45","1,348.90","0.24%"
"Aug 03, 2016","1,357.90","1,363.65","1,366.85","1,354.16","-0.42%"
"Aug 02, 2016","1,363.68","1,353.47","1,367.81","1,347.06","0.77%"
"Aug 01, 2016","1,353.21","1,349.88","1,355.22","1,346.24","0.17%"
"Jul 29, 2016","1,350.91","1,335.75","1,355.42","1,330.00","1.13%"
"Jul 28, 2016","1,335.79","1,339.38","1,345.53","1,332.23","-0.30%"
"Jul 27, 2016","1,339.86","1,320.04","1,342.62","1,315.74","1.48%"
"Jul 26, 2016","1,320.32","1,315.59","1,325.08","1,313.83","0.36%"
"Jul 25, 2016","1,315.56","1,322.59","1,324.12","1,312.43","-0.52%"
"Jul 22, 2016","1,322.38","1,330.94","1,334.22","1,319.58","-0.65%"
"Jul 21, 2016","1,331.09","1,316.31","1,334.38","1,310.95","1.15%"
"Jul 20, 2016","1,315.95","1,331.81","1,336.34","1,312.49","-1.21%"
"Jul 19, 2016","1,332.13","1,328.52","1,335.29","1,325.61","0.25%"
"Jul 18, 2016","1,328.79","1,332.81","1,335.70","1,323.84","-0.68%"
"Jul 15, 2016","1,337.85","1,336.31","1,338.90","1,322.55","0.21%"
"Jul 14, 2016","1,335.10","1,344.01","1,347.10","1,320.22","-0.58%"
"Jul 13, 2016","1,342.85","1,332.40","1,345.60","1,327.70","0.84%"
"Jul 12, 2016","1,331.65","1,355.16","1,358.20","1,330.15","-1.74%"
"Jul 11, 2016","1,355.25","1,368.71","1,375.11","1,351.20","-0.85%"
"Jul 08, 2016","1,366.80","1,359.21","1,369.09","1,336.08","0.46%"
"Jul 07, 2016","1,360.60","1,363.56","1,370.26","1,350.80","-0.24%"
"Jul 06, 2016","1,363.89","1,356.74","1,375.30","1,356.23","0.57%"
"Jul 05, 2016","1,356.14","1,351.15","1,357.71","1,338.43","0.40%"
"Jul 04, 2016","1,350.78","1,342.58","1,357.97","1,338.34","0.63%"
"Jul 01, 2016","1,342.30","1,323.38","1,344.60","1,320.88","1.52%"
"Jun 30, 2016","1,322.18","1,317.71","1,324.11","1,312.95","0.25%"
"Jun 29, 2016","1,318.89","1,312.39","1,328.23","1,311.29","0.49%"
"Jun 28, 2016","1,312.51","1,324.44","1,326.39","1,305.62","-0.93%"
"Jun 27, 2016","1,324.80","1,326.27","1,335.70","1,317.85","0.67%"
"Jun 24, 2016","1,315.98","1,253.86","1,358.70","1,251.66","4.80%"
"Jun 23, 2016","1,255.65","1,264.31","1,271.65","1,255.46","-0.84%"
"Jun 22, 2016","1,266.31","1,268.45","1,271.00","1,261.41","-0.17%"
"Jun 21, 2016","1,268.44","1,288.68","1,294.38","1,264.48","-1.68%"
"Jun 20, 2016","1,290.15","1,285.80","1,292.36","1,277.74","-0.65%"
"Jun 17, 2016","1,298.60","1,279.35","1,299.88","1,277.19","1.52%"
"Jun 16, 2016","1,279.14","1,293.51","1,316.11","1,278.77","-0.96%"
"Jun 15, 2016","1,291.49","1,285.14","1,297.09","1,278.43","0.44%"
"Jun 14, 2016","1,285.85","1,283.39","1,290.18","1,276.38","0.14%"
"Jun 13, 2016","1,284.05","1,274.05","1,287.40","1,272.70","0.77%"
"Jun 10, 2016","1,274.20","1,269.41","1,278.10","1,264.47","0.40%"
"Jun 09, 2016","1,269.15","1,262.55","1,272.06","1,257.56","0.56%"
"Jun 08, 2016","1,262.14","1,244.64","1,264.19","1,243.09","1.47%"
"Jun 07, 2016","1,243.85","1,245.11","1,246.66","1,234.45","-0.11%"
"Jun 06, 2016","1,245.24","1,242.40","1,248.79","1,239.55","0.06%"
"Jun 03, 2016","1,244.49","1,210.76","1,244.91","1,206.60","2.77%"
"Jun 02, 2016","1,210.95","1,213.16","1,218.05","1,209.54","-0.20%"
"Jun 01, 2016","1,213.35","1,215.45","1,221.25","1,205.55","-0.16%"
"May 31, 2016","1,215.24","1,205.90","1,218.86","1,205.65","0.80%"
"May 30, 2016","1,205.58","1,213.00","1,213.83","1,199.60","-0.56%"
"May 27, 2016","1,212.40","1,219.61","1,223.70","1,206.45","-0.64%"
"May 26, 2016","1,220.15","1,223.00","1,234.01","1,218.15","-0.33%"
"May 25, 2016","1,224.18","1,226.60","1,230.21","1,217.25","-0.23%"
"May 24, 2016","1,227.00","1,248.71","1,251.26","1,226.03","-1.78%"
"May 23, 2016","1,249.24","1,250.66","1,256.36","1,242.63","-0.24%"
"May 20, 2016","1,252.30","1,254.86","1,259.98","1,248.32","-0.22%"
"May 19, 2016","1,255.10","1,257.60","1,261.92","1,244.00","-0.25%"
"May 18, 2016","1,258.30","1,279.31","1,281.51","1,254.65","-1.70%"
"May 17, 2016","1,280.00","1,273.66","1,282.50","1,269.10","0.48%"
"May 16, 2016","1,273.86","1,272.11","1,288.60","1,270.93","0.02%"
"May 13, 2016","1,273.60","1,263.21","1,276.60","1,263.11","0.80%"
"May 12, 2016","1,263.49","1,277.41","1,280.99","1,263.11","-1.11%"
"May 11, 2016","1,277.69","1,265.35","1,279.18","1,264.40","0.89%"
"May 10, 2016","1,266.40","1,263.71","1,269.50","1,257.25","0.20%"
"May 09, 2016","1,263.85","1,284.55","1,287.98","1,260.70","-1.93%"
"May 06, 2016","1,288.70","1,278.10","1,296.10","1,274.00","0.83%"
"May 05, 2016","1,278.05","1,279.46","1,286.38","1,268.86","-0.11%"
"May 04, 2016","1,279.49","1,285.61","1,289.68","1,271.25","-0.51%"
"May 03, 2016","1,286.00","1,291.36","1,302.40","1,282.06","-0.43%"
"May 02, 2016","1,291.60","1,293.31","1,303.98","1,287.10","-0.17%"
"Apr 29, 2016","1,293.74","1,265.88","1,296.49","1,264.76","2.15%"
"Apr 28, 2016","1,266.48","1,245.26","1,270.10","1,237.65","1.64%"
"Apr 27, 2016","1,246.10","1,242.20","1,251.30","1,240.26","0.21%"
"Apr 26, 2016","1,243.44","1,237.71","1,245.15","1,231.10","0.45%"
"Apr 25, 2016","1,237.90","1,231.70","1,242.30","1,229.70","0.45%"
"Apr 22, 2016","1,232.30","1,247.06","1,252.98","1,226.96","-1.33%"
"Apr 21, 2016","1,248.85","1,243.11","1,270.48","1,242.50","0.39%"
"Apr 20, 2016","1,244.05","1,250.25","1,258.75","1,241.85","-0.52%"
"Apr 19, 2016","1,250.50","1,232.06","1,257.20","1,227.30","1.54%"
"Apr 18, 2016","1,231.55","1,233.70","1,242.00","1,229.76","-0.20%"
"Apr 15, 2016","1,234.05","1,227.16","1,236.29","1,224.90","0.54%"
"Apr 14, 2016","1,227.39","1,241.66","1,244.38","1,223.40","-1.27%"
"Apr 13, 2016","1,243.14","1,255.50","1,257.18","1,239.86","-1.02%"
"Apr 12, 2016","1,255.94","1,258.66","1,262.98","1,250.90","-0.16%"
"Apr 11, 2016","1,257.95","1,239.39","1,259.10","1,239.39","1.42%"
"Apr 08, 2016","1,240.39","1,239.80","1,243.18","1,229.24","-0.02%"
"Apr 07, 2016","1,240.69","1,222.76","1,243.90","1,222.30","1.50%"
"Apr 06, 2016","1,222.35","1,231.36","1,232.41","1,216.70","-0.71%"
"Apr 05, 2016","1,231.14","1,214.86","1,237.05","1,214.45","1.30%"
"Apr 04, 2016","1,215.40","1,219.60","1,223.35","1,213.95","-0.58%"
"Apr 01, 2016","1,222.49","1,232.30","1,235.36","1,208.45","-0.83%"
"Mar 31, 2016","1,232.70","1,225.31","1,240.05","1,224.06","0.64%"
"Mar 30, 2016","1,224.85","1,240.90","1,243.30","1,222.93","-1.42%"
"Mar 29, 2016","1,242.55","1,220.65","1,243.65","1,214.90","1.76%"
"Mar 28, 2016","1,221.05","1,214.11","1,222.96","1,208.15","0.38%"
"Mar 25, 2016","1,216.47","1,216.10","1,216.47","1,216.10","-0.04%"
"Mar 24, 2016","1,216.99","1,220.39","1,224.40","1,212.20","-0.26%"
"Mar 23, 2016","1,220.17","1,247.81","1,249.47","1,215.10","-2.26%"
"Mar 22, 2016","1,248.38","1,243.85","1,259.97","1,242.10","0.37%"
"Mar 21, 2016","1,243.74","1,254.25","1,256.12","1,240.30","-0.92%"
"Mar 18, 2016","1,255.30","1,257.45","1,267.22","1,247.60","-0.21%"
"Mar 17, 2016","1,257.90","1,260.95","1,271.65","1,253.90","-0.41%"
"Mar 16, 2016","1,263.08","1,232.46","1,264.38","1,226.87","2.49%"
"Mar 15, 2016","1,232.38","1,234.31","1,237.58","1,225.70","-0.23%"
"Mar 14, 2016","1,235.28","1,250.61","1,261.09","1,228.90","-1.05%"
"Mar 11, 2016","1,248.44","1,271.06","1,282.89","1,248.06","-1.81%"
"Mar 10, 2016","1,271.44","1,252.51","1,273.79","1,237.06","1.48%"
"Mar 09, 2016","1,252.94","1,260.91","1,264.99","1,243.48","-0.65%"
"Mar 08, 2016","1,261.10","1,267.11","1,278.19","1,259.65","-0.50%"
"Mar 07, 2016","1,267.39","1,259.10","1,273.29","1,256.30","0.63%"
"Mar 04, 2016","1,259.44","1,263.51","1,279.98","1,249.90","-0.34%"
"Mar 03, 2016","1,263.69","1,239.91","1,267.44","1,236.95","1.89%"
"Mar 02, 2016","1,240.30","1,231.96","1,244.29","1,224.10","0.65%"
"Mar 01, 2016","1,232.26","1,237.79","1,249.00","1,227.04","-0.47%"
"Feb 29, 2016","1,238.14","1,222.35","1,241.29","1,217.60","1.27%"
"Feb 26, 2016","1,222.60","1,234.06","1,240.05","1,211.20","-0.98%"
"Feb 25, 2016","1,234.64","1,229.06","1,243.09","1,220.80","0.43%"
"Feb 24, 2016","1,229.35","1,227.01","1,253.30","1,221.55","0.15%"
"Feb 23, 2016","1,227.46","1,208.36","1,227.56","1,206.80","1.55%"
"Feb 22, 2016","1,208.74","1,225.75","1,226.35","1,201.63","-1.58%"
"Feb 19, 2016","1,228.19","1,232.73","1,234.79","1,219.40","-0.34%"
"Feb 18, 2016","1,232.35","1,208.76","1,239.90","1,200.35","1.92%"
"Feb 17, 2016","1,209.14","1,199.81","1,213.88","1,195.40","0.73%"
"Feb 16, 2016","1,200.35","1,208.93","1,217.18","1,190.40","-0.79%"
"Feb 15, 2016","1,209.95","1,232.16","1,234.82","1,201.65","-2.27%"
"Feb 12, 2016","1,238.05","1,246.56","1,249.05","1,231.85","-0.71%"
"Feb 11, 2016","1,246.89","1,197.06","1,260.98","1,195.83","4.13%"
"Feb 10, 2016","1,197.49","1,188.56","1,197.74","1,180.90","0.73%"
"Feb 09, 2016","1,188.85","1,190.76","1,199.29","1,185.10","-0.19%"
"Feb 08, 2016","1,191.14","1,170.51","1,200.98","1,163.70","1.49%"
"Feb 05, 2016","1,173.69","1,155.34","1,174.90","1,144.96","1.55%"
"Feb 04, 2016","1,155.74","1,142.56","1,157.59","1,139.05","1.12%"
"Feb 03, 2016","1,142.93","1,128.76","1,146.00","1,123.95","1.22%"
"Feb 02, 2016","1,129.12","1,128.41","1,130.70","1,122.04","0.02%"
"Feb 01, 2016","1,128.85","1,117.50","1,130.09","1,115.86","0.97%"
"Jan 29, 2016","1,118.04","1,114.76","1,118.50","1,108.50","0.26%"
"Jan 28, 2016","1,115.14","1,125.16","1,126.01","1,111.56","-0.93%"
"Jan 27, 2016","1,125.59","1,119.96","1,128.20","1,114.50","0.45%"
"Jan 26, 2016","1,120.57","1,107.62","1,123.30","1,106.77","1.13%"
"Jan 25, 2016","1,108.05","1,097.46","1,109.05","1,096.96","0.89%"
"Jan 22, 2016","1,098.30","1,101.21","1,102.98","1,093.60","-0.30%"
"Jan 21, 2016","1,101.60","1,100.65","1,104.98","1,092.15","0.05%"
"Jan 20, 2016","1,101.02","1,086.70","1,109.60","1,086.33","1.28%"
"Jan 19, 2016","1,087.12","1,088.43","1,094.70","1,082.55","-0.16%"
"Jan 18, 2016","1,088.90","1,089.21","1,093.26","1,086.95","-0.02%"
"Jan 15, 2016","1,089.10","1,077.56","1,097.59","1,075.80","1.03%"
"Jan 14, 2016","1,078.00","1,093.12","1,095.36","1,071.00","-1.42%"
"Jan 13, 2016","1,093.49","1,086.90","1,095.68","1,079.25","0.59%"
"Jan 12, 2016","1,087.05","1,093.91","1,099.54","1,083.22","-0.66%"
"Jan 11, 2016","1,094.26","1,103.79","1,108.51","1,093.51","-0.90%"
"Jan 08, 2016","1,104.24","1,109.05","1,112.40","1,093.53","-0.45%"
"Jan 07, 2016","1,109.25","1,094.30","1,110.20","1,090.94","1.35%"
"Jan 06, 2016","1,094.45","1,077.40","1,095.45","1,074.55","1.56%"
"Jan 05, 2016","1,077.66","1,074.26","1,082.30","1,072.30","0.28%"
"Jan 04, 2016","1,074.70","1,064.96","1,083.70","1,061.50","1.32%"
"Jan 01, 2016","1,060.74","1,060.71","1,061.41","1,060.24","-0.05%"
"Dec 31, 2015","1,061.30","1,060.99","1,063.68","1,058.00","-0.01%"
"Dec 30, 2015","1,061.45","1,068.63","1,072.85","1,058.80","-0.71%"
"Dec 29, 2015","1,068.99","1,068.81","1,075.79","1,066.90","-0.01%"
"Dec 28, 2015","1,069.05","1,075.60","1,077.15","1,065.90","-0.63%"
"Dec 25, 2015","1,075.88","1,075.50","1,075.88","1,075.50","0.00%"
"Dec 24, 2015","1,075.88","1,070.15","1,077.85","1,069.30","0.52%"
"Dec 23, 2015","1,070.35","1,071.96","1,075.75","1,068.00","-0.19%"
"Dec 22, 2015","1,072.36","1,078.01","1,081.00","1,071.45","-0.56%"
"Dec 21, 2015","1,078.44","1,065.56","1,081.88","1,063.50","1.15%"
"Dec 18, 2015","1,066.19","1,051.34","1,070.79","1,050.66","1.37%"
"Dec 17, 2015","1,051.74","1,072.46","1,073.09","1,047.25","-1.98%"
"Dec 16, 2015","1,072.94","1,060.35","1,078.59","1,060.26","1.15%"
"Dec 15, 2015","1,060.74","1,062.51","1,068.89","1,059.20","-0.20%"